method	knob	type	compressed_bytes	compress_time_s	decompress_time_s	psnr_db	renderable	dataset	raw_bytes	compression_ratio	bpv
quant4b-zstd	4	lossy	874875	0.107	0.018	34.2	False	kidney_dapi	16777216	19.2	1.6687
quant6b-zstd	6	lossy	1742564	0.13	0.017	46.8	False	kidney_dapi	16777216	9.6	3.3237
quant8b-zstd	8	lossy	2881119	0.114	0.014	58.9	False	kidney_dapi	16777216	5.8	5.4953
quant10b-zstd	10	lossy	4547428	0.234	0.022	71.1	False	kidney_dapi	16777216	3.7	8.6735
quant12b-zstd	12	lossy	5658959	0.192	0.02	82.3	False	kidney_dapi	16777216	3.0	10.7936
quant16b-zstd	16	lossy	6883712	0.181	0.019	107.1	False	kidney_dapi	16777216	2.4	13.1296
blosc-lz4-shuffle	lossless	lossless	13990722	0.015	0.006	inf	False	kidney_dapi	16777216	1.2	26.6852
blosc-zstd-shuffle	lossless	lossless	12611326	0.125	0.01	inf	False	kidney_dapi	16777216	1.3	24.0542
blosc-zstd-bitshuffle	lossless	lossless	12945075	1.282	0.008	inf	False	kidney_dapi	16777216	1.3	24.6908
gsplats	1000	lossy+renderable	37760	9.9	0.0	22.5	True	kidney_dapi	16777216	444.3	0.072
gsplats	2000	lossy+renderable	78440	10.2	0.0	24.2	True	kidney_dapi	16777216	213.9	0.1496
gsplats	4000	lossy+renderable	158120	119.3	0.0	26.4	True	kidney_dapi	16777216	106.1	0.3016
gsplats	8000	lossy+renderable	317040	13.7	0.0	29.5	True	kidney_dapi	16777216	52.9	0.6047
gsplats	16000	lossy+renderable	637280	14.0	0.0	31.8	True	kidney_dapi	16777216	26.3	1.2155
gsplats	32000	lossy+renderable	1266160	16.1	0.0	33.7	True	kidney_dapi	16777216	13.3	2.415
gsplats	64000	lossy+renderable	2521840	102.9	0.0	35.5	True	kidney_dapi	16777216	6.7	4.81
gsplats	128000	lossy+renderable	5008000	119.9	0.0	36.4	True	kidney_dapi	16777216	3.4	9.552
gsplats	256000	lossy+renderable	10068480	131.7	0.0	36.8	True	kidney_dapi	16777216	1.7	19.2041
gsplats	512000	lossy+renderable	20214720	31.3	0.0	37.3	True	kidney_dapi	16777216	0.8	38.5565
quant4b-zstd	4	lossy	914026	0.249	0.099	40.4	False	organoid_ch0	70351600	77.0	0.4158
quant6b-zstd	6	lossy	3163820	0.46	0.107	50.0	False	organoid_ch0	70351600	22.2	1.4391
quant8b-zstd	8	lossy	5648423	0.54	0.11	57.6	False	organoid_ch0	70351600	12.5	2.5692
quant10b-zstd	10	lossy	10558884	1.053	0.133	69.2	False	organoid_ch0	70351600	6.7	4.8028
quant12b-zstd	12	lossy	13904581	1.105	0.156	93.4	False	organoid_ch0	70351600	5.1	6.3246
quant16b-zstd	16	lossy	15062734	1.08	0.147	110.4	False	organoid_ch0	70351600	4.7	6.8514
blosc-lz4-shuffle	lossless	lossless	50437360	0.172	0.058	inf	False	organoid_ch0	70351600	1.4	22.9418
blosc-zstd-shuffle	lossless	lossless	30623124	2.372	0.101	inf	False	organoid_ch0	70351600	2.3	13.9292
blosc-zstd-bitshuffle	lossless	lossless	19411390	9.766	0.066	inf	False	organoid_ch0	70351600	3.6	8.8294
gsplats	1000	lossy+renderable	37880	15.6	0.0	32.6	True	organoid_ch0	70351600	1857.2	0.0172
gsplats	2000	lossy+renderable	72880	13.1	0.0	34.5	True	organoid_ch0	70351600	965.3	0.0332
gsplats	4000	lossy+renderable	142920	37.6	0.0	36.3	True	organoid_ch0	70351600	492.2	0.065
gsplats	8000	lossy+renderable	284000	14.1	0.0	37.4	True	organoid_ch0	70351600	247.7	0.1292
gsplats	16000	lossy+renderable	544640	39.9	0.0	38.3	True	organoid_ch0	70351600	129.2	0.2477
gsplats	32000	lossy+renderable	1127000	14.4	0.0	39.0	True	organoid_ch0	70351600	62.4	0.5126
gsplats	64000	lossy+renderable	2263760	16.4	0.0	39.8	True	organoid_ch0	70351600	31.1	1.0297
gsplats	128000	lossy+renderable	4796240	21.8	0.0	40.2	True	organoid_ch0	70351600	14.7	2.1816
gsplats	256000	lossy+renderable	9792880	168.4	0.0	40.5	True	organoid_ch0	70351600	7.2	4.4544
gsplats	512000	lossy+renderable	19894440	204.7	0.0	41.0	True	organoid_ch0	70351600	3.5	9.0491
quant4b-zstd	4	lossy	1097026	0.246	0.068	34.4	False	celegans_t100	42991616	39.2	0.8166
quant6b-zstd	6	lossy	2899203	0.367	0.064	46.7	False	celegans_t100	42991616	14.8	2.158
quant8b-zstd	8	lossy	5421032	0.452	0.075	59.0	False	celegans_t100	42991616	7.9	4.035
quant10b-zstd	10	lossy	9347264	0.725	0.083	71.0	False	celegans_t100	42991616	4.6	6.9575
quant12b-zstd	12	lossy	12114934	0.662	0.09	83.1	False	celegans_t100	42991616	3.5	9.0175
quant16b-zstd	16	lossy	14620779	0.541	0.086	107.2	False	celegans_t100	42991616	2.9	10.8827
blosc-lz4-shuffle	lossless	lossless	38203688	0.043	0.021	inf	False	celegans_t100	42991616	1.1	28.4362
blosc-zstd-shuffle	lossless	lossless	28811987	0.48	0.043	inf	False	celegans_t100	42991616	1.5	21.4457
blosc-zstd-bitshuffle	lossless	lossless	35039885	3.371	0.026	inf	False	celegans_t100	42991616	1.2	26.0813
gsplats	1000	lossy+renderable	39120	9.1	0.0	38.4	True	celegans_t100	42991616	1099.0	0.0291
gsplats	2000	lossy+renderable	79040	8.2	0.0	39.0	True	celegans_t100	42991616	543.9	0.0588
gsplats	4000	lossy+renderable	158800	9.0	0.0	39.2	True	celegans_t100	42991616	270.7	0.1182
gsplats	8000	lossy+renderable	317880	8.0	0.0	39.3	True	celegans_t100	42991616	135.2	0.2366
gsplats	16000	lossy+renderable	636000	9.1	0.0	39.3	True	celegans_t100	42991616	67.6	0.4734
gsplats	32000	lossy+renderable	1272600	9.8	0.0	39.4	True	celegans_t100	42991616	33.8	0.9472
gsplats	64000	lossy+renderable	2546720	10.2	0.0	39.4	True	celegans_t100	42991616	16.9	1.8956
gsplats	128000	lossy+renderable	5092160	12.1	0.0	39.5	True	celegans_t100	42991616	8.4	3.7903
gsplats	256000	lossy+renderable	10176080	42.0	0.0	40.0	True	celegans_t100	42991616	4.2	7.5744
gsplats	512000	lossy+renderable	20344440	151.7	0.0	40.4	True	celegans_t100	42991616	2.1	15.143
quant4b-zstd	4	lossy	3302303	1.331	0.56	34.1	False	tribolium	397827040	120.5	0.2656
quant6b-zstd	6	lossy	9920389	2.135	0.604	46.6	False	tribolium	397827040	40.1	0.798
quant8b-zstd	8	lossy	25734660	3.232	0.647	59.0	False	tribolium	397827040	15.5	2.07
quant10b-zstd	10	lossy	61120568	5.774	0.782	71.0	False	tribolium	397827040	6.5	4.9164
quant12b-zstd	12	lossy	93181449	6.524	0.838	83.1	False	tribolium	397827040	4.3	7.4952
quant16b-zstd	16	lossy	117062269	6.118	0.867	107.1	False	tribolium	397827040	3.4	9.4161
blosc-lz4-shuffle	lossless	lossless	296578534	0.525	0.17	inf	False	tribolium	397827040	1.3	23.8559
blosc-zstd-shuffle	lossless	lossless	254858138	4.216	0.425	inf	False	tribolium	397827040	1.6	20.5
blosc-zstd-bitshuffle	lossless	lossless	267739762	38.301	0.269	inf	False	tribolium	397827040	1.5	21.5362
gsplats	4000	lossy+renderable	158360	254.9	0.0	37.2	True	tribolium	397827040	2512.2	0.0127
gsplats	1000	lossy+renderable	39640	24.9	0.0	29.9	True	tribolium	397827040	10036.0	0.0032
gsplats	2000	lossy+renderable	78720	44.3	0.0	31.3	True	tribolium	397827040	5053.7	0.0063
gsplats	8000	lossy+renderable	308920	65.4	0.0	40.3	True	tribolium	397827040	1287.8	0.0248
gsplats	16000	lossy+renderable	632520	57.9	0.0	42.0	True	tribolium	397827040	629.0	0.0509
gsplats	32000	lossy+renderable	1270800	58.3	0.0	42.6	True	tribolium	397827040	313.1	0.1022
gsplats	64000	lossy+renderable	2591600	390.6	0.0	42.7	True	tribolium	397827040	153.5	0.2085
gsplats	128000	lossy+renderable	5097920	449.7	0.0	42.7	True	tribolium	397827040	78.0	0.4101
gsplats	256000	lossy+renderable	10255080	471.4	0.0	42.6	True	tribolium	397827040	38.8	0.8249
gsplats	512000	lossy+renderable	20404560	443.2	0.0	42.7	True	tribolium	397827040	19.5	1.6413
quant4b-zstd	4	lossy	4394153	0.632	0.118	33.9	False	opencell_map4_ch0	73440000	16.7	1.9147
quant6b-zstd	6	lossy	8223248	0.691	0.119	46.8	False	opencell_map4_ch0	73440000	8.9	3.5831
quant8b-zstd	8	lossy	12625958	0.526	0.123	59.0	False	opencell_map4_ch0	73440000	5.8	5.5015
quant10b-zstd	10	lossy	20007344	1.275	0.164	71.1	False	opencell_map4_ch0	73440000	3.7	8.7178
quant12b-zstd	12	lossy	24184043	1.004	0.166	83.1	False	opencell_map4_ch0	73440000	3.0	10.5377
quant16b-zstd	16	lossy	31553504	0.871	0.157	107.2	False	opencell_map4_ch0	73440000	2.3	13.7488
blosc-lz4-shuffle	lossless	lossless	65797314	0.079	0.037	inf	False	opencell_map4_ch0	73440000	1.1	28.6699
blosc-zstd-shuffle	lossless	lossless	57386508	0.906	0.068	inf	False	opencell_map4_ch0	73440000	1.3	25.005
blosc-zstd-bitshuffle	lossless	lossless	59571762	5.625	0.046	inf	False	opencell_map4_ch0	73440000	1.2	25.9572
gsplats	1000	lossy+renderable	35760	12.9	0.0	25.1	True	opencell_map4_ch0	73440000	2053.7	0.0156
gsplats	2000	lossy+renderable	77520	9.2	0.0	26.3	True	opencell_map4_ch0	73440000	947.4	0.0338
gsplats	4000	lossy+renderable	154560	8.8	0.0	27.3	True	opencell_map4_ch0	73440000	475.2	0.0673
gsplats	8000	lossy+renderable	322960	8.6	0.0	27.9	True	opencell_map4_ch0	73440000	227.4	0.1407
gsplats	16000	lossy+renderable	652200	9.1	0.0	28.1	True	opencell_map4_ch0	73440000	112.6	0.2842
gsplats	32000	lossy+renderable	1292480	10.8	0.0	28.3	True	opencell_map4_ch0	73440000	56.8	0.5632
gsplats	64000	lossy+renderable	2515800	20.4	0.0	28.6	True	opencell_map4_ch0	73440000	29.2	1.0962
gsplats	128000	lossy+renderable	5009880	17.4	0.0	28.9	True	opencell_map4_ch0	73440000	14.7	2.183
gsplats	256000	lossy+renderable	10029880	22.2	0.0	29.5	True	opencell_map4_ch0	73440000	7.3	4.3703
gsplats	512000	lossy+renderable	20138680	31.5	0.0	29.9	True	opencell_map4_ch0	73440000	3.6	8.775
