dataset	method	knob	bpv	compressed_bytes	psnr_raw	psnr_heldout	renderable
kidney_dapi	h265	51	0.0426	22325	26.43	26.28	False
kidney_dapi	h265	45	0.0953	49968	29.35	28.81	False
kidney_dapi	h265	40	0.1887	98943	32.06	30.59	False
kidney_dapi	h265	35	0.3672	192498	34.94	31.33	False
kidney_dapi	h265	30	0.7168	375826	37.53	30.88	False
kidney_dapi	h265	25	1.3591	712546	39.78	30.26	False
kidney_dapi	h265	20	2.2316	1170003	41.36	29.84	False
kidney_dapi	h265	15	3.2012	1678360	42.08	29.59	False
kidney_dapi	h265	10	4.1453	2173320	42.29	29.45	False
kidney_dapi	h265	5	4.679	2453151	42.32	29.39	False
kidney_dapi	h265	0	9.7221	5097199	42.28	29.27	False
kidney_dapi	gsplats	1000	0.0716	37520	22.54	22.48	True
kidney_dapi	gsplats	2000	0.1482	77720	24.22	24.16	True
kidney_dapi	gsplats	4000	0.3019	158280	26.48	26.37	True
kidney_dapi	gsplats	8000	0.605	317200	29.52	29.2	True
kidney_dapi	gsplats	16000	1.2157	637360	31.75	31.19	True
kidney_dapi	gsplats	32000	2.4155	1266440	33.64	32.61	True
kidney_dapi	gsplats	64000	4.8097	2521680	35.44	33.63	True
kidney_dapi	gsplats	128000	9.5528	5008400	36.23	33.36	True
kidney_dapi	gsplats	256000	19.2077	10070360	36.44	32.54	True
kidney_dapi	gsplats	512000	38.5527	20212720	36.77	31.44	True
kidney_dapi	noise_floor	ref	0.0	0	41.3421	41.3421	False
kidney_actin	h265	51	0.0545	28592	24.15	23.95	False
kidney_actin	h265	45	0.1506	78941	27.35	26.32	False
kidney_actin	h265	40	0.3222	168923	30.48	27.55	False
kidney_actin	h265	35	0.621	325576	33.69	27.54	False
kidney_actin	h265	30	1.0727	562393	36.3	27.0	False
kidney_actin	h265	25	1.6921	887173	37.89	26.47	False
kidney_actin	h265	20	2.4726	1296349	38.56	26.13	False
kidney_actin	h265	15	3.3789	1771510	38.75	25.94	False
kidney_actin	h265	10	4.2734	2240517	38.77	25.82	False
kidney_actin	h265	5	4.7126	2470758	38.75	25.77	False
kidney_actin	h265	0	9.4081	4932556	38.68	25.67	False
kidney_actin	gsplats	1000	0.0719	37720	21.04	21.08	True
kidney_actin	gsplats	2000	0.1478	77480	22.25	22.3	True
kidney_actin	gsplats	4000	0.2994	156960	24.0	23.97	True
kidney_actin	gsplats	8000	0.5989	314000	26.08	25.88	True
kidney_actin	gsplats	16000	1.2067	632640	28.38	27.85	True
kidney_actin	gsplats	32000	2.3922	1254200	30.4	29.26	True
kidney_actin	gsplats	64000	4.765	2498240	32.84	30.51	True
kidney_actin	gsplats	128000	9.4837	4972200	34.89	30.81	True
kidney_actin	gsplats	256000	19.0356	9980120	35.87	29.9	True
kidney_actin	gsplats	512000	38.329	20095440	35.89	28.35	True
kidney_actin	noise_floor	ref	0.0	0	43.4717	43.4717	False
organoid_ch0	h265	51	0.0098	21557	33.93	33.82	False
organoid_ch0	h265	45	0.017	37475	35.95	35.62	False
organoid_ch0	h265	40	0.0371	81577	37.49	36.38	False
organoid_ch0	h265	35	0.1056	232256	39.65	36.43	False
organoid_ch0	h265	30	0.257	564975	42.29	36.41	False
organoid_ch0	h265	25	0.5192	1141443	44.67	36.43	False
organoid_ch0	h265	20	1.0176	2237172	46.71	36.43	False
organoid_ch0	h265	15	1.7477	3842214	48.2	36.42	False
organoid_ch0	h265	10	2.5189	5537816	48.94	36.41	False
organoid_ch0	h265	5	2.8828	6337785	49.11	36.4	False
organoid_ch0	h265	0	5.9826	13152591	49.39	36.37	False
organoid_ch0	gsplats	1000	0.0171	37520	32.64	32.57	True
organoid_ch0	gsplats	2000	0.0333	73280	34.5	34.41	True
organoid_ch0	gsplats	4000	0.0652	143440	36.34	36.12	True
organoid_ch0	gsplats	8000	0.1294	284480	37.43	37.07	True
organoid_ch0	gsplats	16000	0.2462	541240	38.27	37.58	True
organoid_ch0	gsplats	32000	0.5126	1126960	38.97	37.75	True
organoid_ch0	gsplats	64000	1.0296	2263480	39.64	37.6	True
organoid_ch0	gsplats	128000	2.1816	4796240	39.98	37.44	True
organoid_ch0	gsplats	256000	4.4567	9797960	40.35	37.33	True
organoid_ch0	gsplats	512000	9.0546	19906400	40.76	37.2	True
organoid_ch0	noise_floor	ref	0.0	0	54.4213	54.4213	False
celegans_t100	h265	51	0.005	6688	38.04	38.04	False
celegans_t100	h265	45	0.0059	7901	38.8	38.77	False
celegans_t100	h265	40	0.0075	10078	39.12	39.06	False
celegans_t100	h265	35	0.0233	31244	39.24	38.99	False
celegans_t100	h265	30	0.2591	348038	40.07	38.45	False
celegans_t100	h265	25	1.0405	1397859	43.09	38.35	False
celegans_t100	h265	20	1.9804	2660703	46.82	38.69	False
celegans_t100	h265	15	2.9427	3953494	49.57	38.91	False
celegans_t100	h265	10	3.9145	5259103	51.07	38.99	False
celegans_t100	h265	5	4.3801	5884545	51.44	39.01	False
celegans_t100	h265	0	8.4445	11345069	52.02	39.02	False
celegans_t100	gsplats	1000	0.0291	39080	38.37	38.35	True
celegans_t100	gsplats	2000	0.0589	79160	38.95	38.9	True
celegans_t100	gsplats	4000	0.118	158520	39.23	39.19	True
celegans_t100	gsplats	8000	0.2365	317680	39.31	39.26	True
celegans_t100	gsplats	16000	0.4733	635920	39.36	39.26	True
celegans_t100	gsplats	32000	0.9472	1272600	39.39	39.25	True
celegans_t100	gsplats	64000	1.8957	2546880	39.44	39.22	True
celegans_t100	gsplats	128000	3.7908	5092920	39.55	39.17	True
celegans_t100	gsplats	256000	7.578	10180920	39.88	39.02	True
celegans_t100	gsplats	512000	15.1498	20353520	40.27	38.91	True
celegans_t100	noise_floor	ref	0.0	0	40.7284	40.7284	False
tribolium	h265	51	0.0054	66746	42.73	42.74	False
tribolium	h265	45	0.0068	84577	46.51	46.5	False
tribolium	h265	40	0.0091	113089	49.17	49.14	False
tribolium	h265	35	0.013	161380	51.42	51.37	False
tribolium	h265	30	0.0201	249339	53.04	52.95	False
tribolium	h265	25	0.0403	500604	54.21	53.92	False
tribolium	h265	20	0.1241	1542744	55.85	54.88	False
tribolium	h265	15	0.3295	4096610	58.26	55.64	False
tribolium	h265	10	0.6076	7554093	60.25	55.41	False
tribolium	h265	5	0.755	9386450	60.9	55.06	False
tribolium	h265	0	4.4782	55673431	66.65	53.82	False
tribolium	gsplats	1000	0.0032	39600	29.93	29.93	True
tribolium	gsplats	2000	0.0063	78640	31.38	31.39	True
tribolium	gsplats	4000	0.0126	156760	37.33	37.32	True
tribolium	gsplats	8000	0.0249	309520	40.08	40.05	True
tribolium	gsplats	16000	0.0509	632480	41.94	41.93	True
tribolium	gsplats	32000	0.1022	1270760	42.62	42.62	True
tribolium	gsplats	64000	0.2085	2591560	42.7	42.71	True
tribolium	gsplats	128000	0.4101	5097840	42.7	42.73	True
tribolium	gsplats	256000	0.8249	10255320	42.66	42.72	True
tribolium	gsplats	512000	1.6414	20406480	42.69	42.78	True
tribolium	noise_floor	ref	0.0	0	61.0317	61.0317	False
opencell_map4_ch0	h265	51	0.0112	25815	27.22	27.14	False
opencell_map4_ch0	h265	45	0.0437	100307	28.05	27.31	False
opencell_map4_ch0	h265	40	0.1634	374976	29.85	27.42	False
opencell_map4_ch0	h265	35	0.577	1324101	32.19	27.55	False
opencell_map4_ch0	h265	30	1.4306	3283290	35.49	27.73	False
opencell_map4_ch0	h265	25	2.3906	5486474	38.33	27.89	False
opencell_map4_ch0	h265	20	3.363	7718100	39.96	27.97	False
opencell_map4_ch0	h265	15	4.2719	9803917	40.62	27.99	False
opencell_map4_ch0	h265	10	5.133	11780179	40.84	27.99	False
opencell_map4_ch0	h265	5	5.7558	13209577	40.9	27.99	False
opencell_map4_ch0	h265	0	11.1658	25625510	41.01	28.0	False
opencell_map4_ch0	gsplats	1000	0.0153	35080	25.22	25.21	True
opencell_map4_ch0	gsplats	2000	0.0338	77680	26.32	26.26	True
opencell_map4_ch0	gsplats	4000	0.0673	154480	27.27	27.21	True
opencell_map4_ch0	gsplats	8000	0.1409	323280	27.88	27.78	True
opencell_map4_ch0	gsplats	16000	0.2842	652320	28.16	27.95	True
opencell_map4_ch0	gsplats	32000	0.5635	1293320	28.33	27.96	True
opencell_map4_ch0	gsplats	64000	1.0969	2517440	28.54	27.87	True
opencell_map4_ch0	gsplats	128000	2.1845	5013360	28.87	27.79	True
opencell_map4_ch0	gsplats	256000	4.3746	10039640	29.4	27.69	True
opencell_map4_ch0	gsplats	512000	8.7819	20154560	29.78	27.61	True
opencell_map4_ch0	noise_floor	ref	0.0	0	32.6144	32.6144	False
opencell_map4_ch1	h265	51	0.0215	49335	24.42	24.19	False
opencell_map4_ch1	h265	45	0.113	259259	25.75	24.16	False
opencell_map4_ch1	h265	40	0.3496	802399	28.06	24.27	False
opencell_map4_ch1	h265	35	0.961	2205463	30.93	24.42	False
opencell_map4_ch1	h265	30	1.9014	4363722	34.1	24.58	False
opencell_map4_ch1	h265	25	2.8699	6586414	36.17	24.66	False
opencell_map4_ch1	h265	20	3.8454	8825112	37.16	24.69	False
opencell_map4_ch1	h265	15	4.6566	10686878	37.49	24.7	False
opencell_map4_ch1	h265	10	5.3668	12316856	37.59	24.69	False
opencell_map4_ch1	h265	5	5.9048	13551481	37.61	24.69	False
opencell_map4_ch1	h265	0	12.0918	27750693	37.71	24.69	False
opencell_map4_ch1	gsplats	1000	0.0156	35840	21.45	21.44	True
opencell_map4_ch1	gsplats	2000	0.0337	77440	22.45	22.44	True
opencell_map4_ch1	gsplats	4000	0.0668	153240	23.37	23.34	True
opencell_map4_ch1	gsplats	8000	0.1412	324000	24.2	24.13	True
opencell_map4_ch1	gsplats	16000	0.284	651800	24.69	24.52	True
opencell_map4_ch1	gsplats	32000	0.5643	1294960	25.14	24.8	True
opencell_map4_ch1	gsplats	64000	1.0846	2489200	25.57	24.91	True
opencell_map4_ch1	gsplats	128000	2.1827	5009400	26.03	24.89	True
opencell_map4_ch1	gsplats	256000	4.3745	10039440	26.62	24.77	True
opencell_map4_ch1	gsplats	512000	8.7291	20033240	27.43	24.67	True
opencell_map4_ch1	noise_floor	ref	0.0	0	30.4488	30.4488	False
cells3d_nuclei	h265	51	0.017	8332	31.41	31.36	False
cells3d_nuclei	h265	45	0.0286	14058	33.2	33.1	False
cells3d_nuclei	h265	40	0.0559	27482	34.53	34.22	False
cells3d_nuclei	h265	35	0.1574	77353	35.79	34.78	False
cells3d_nuclei	h265	30	0.662	325363	37.85	34.65	False
cells3d_nuclei	h265	25	1.5563	764948	41.47	34.76	False
cells3d_nuclei	h265	20	2.5294	1243267	44.69	34.95	False
cells3d_nuclei	h265	15	3.5107	1725558	46.67	35.02	False
cells3d_nuclei	h265	10	4.4705	2197345	47.54	35.02	False
cells3d_nuclei	h265	5	5.0355	2475028	47.77	35.01	False
cells3d_nuclei	h265	0	9.6384	4737452	48.0	34.99	False
cells3d_nuclei	gsplats	1000	0.0781	38400	31.24	31.2	True
cells3d_nuclei	gsplats	2000	0.1647	80960	32.68	32.6	True
cells3d_nuclei	gsplats	4000	0.3235	159000	33.67	33.57	True
cells3d_nuclei	gsplats	8000	0.6615	325160	34.47	34.25	True
cells3d_nuclei	gsplats	16000	1.2965	637280	35.0	34.62	True
cells3d_nuclei	gsplats	32000	2.5941	1275040	35.38	34.73	True
cells3d_nuclei	gsplats	64000	5.1898	2550880	35.83	34.73	True
cells3d_nuclei	gsplats	128000	10.3835	5103680	36.16	34.59	True
cells3d_nuclei	gsplats	256000	20.766	10206920	37.3	34.42	True
cells3d_nuclei	gsplats	512000	41.5093	20402640	38.77	34.44	True
cells3d_nuclei	noise_floor	ref	0.0	0	37.5711	37.5711	False
